{"schemaVersion":"1.0","appDefinitionTemplate":{"id":"/providers/Microsoft.PowerApps/apps/","type":"Microsoft.PowerApps/apps","tags":{"primaryDeviceWidth":"1366","primaryDeviceHeight":"768","supportsPortrait":"true","supportsLandscape":"true","primaryFormFactor":"Tablet","showStatusBar":"false","publisherVersion":"3.23105.18","minimumRequiredApiVersion":"2.2.0","hasComponent":"false","hasUnlockedComponent":"false","isUnifiedRootApp":"false","sienaVersion":"20231129T201452Z-3.23105.18.0"},"properties":{"appVersion":"2023-11-29T20:14:52Z","lifeCycleId":"Published","createdByClientVersion":{"major":3,"minor":23105,"build":18,"revision":0,"majorRevision":0,"minorRevision":0},"minClientVersion":{"major":3,"minor":23105,"build":18,"revision":0,"majorRevision":0,"minorRevision":0},"backgroundColor":"RGBA(0,176,240,1)","backgroundImageUri":"/1624320980551323510/N26f91f13-f344-4910-ab49-10ef742c5f9e-logoSmallFile","displayName":"STARCOM Protocol Events","description":"","commitMessage":"","appUris":{"documentUri":{"value":"/1624320980551323510/N0ad057b0-fbd7-4505-a5c2-3882a9f2e768-document.msapp"},"imageUris":[],"additionalUris":[]},"createdTime":"0001-01-01T00:00:00Z","lastModifiedTime":"0001-01-01T00:00:00Z","sharedGroupsCount":0,"sharedUsersCount":0,"connectionReferences":{"7c328203-4c21-43ac-87e1-2ee596373601":{"id":"9e18e209-3e8d-4326-b3f4-3fab1f74bf27","displayName":"SharePoint","iconUri":"https://connectoricons-prod.azureedge.net/releases/v1.0.1664/1.0.1664.3477/sharepointonline/icon.png","dataSources":["Protocol Events"],"dependencies":[],"dependents":[],"parameterHints":{},"parameterHintsV2":{},"isOnPremiseConnection":false,"dataSets":{"https://usaf.dps.mil/sites/ussf-starcom/HQ/CCP":{"dataSources":{"Protocol Events":{"tableName":"3365a5f6-e2a2-4ddd-be62-b187f9e42871"}}}},"apiTier":"Standard","isCustomApiConnection":false,"actions":["providers/PowerPlatform.Governance/Operations/Read","providers/PowerPlatform.Governance/Operations/Write"]}},"databaseReferences":{},"almMode":"Environment","performanceOptimizationEnabled":true,"canConsumeAppPass":true,"enableModernRuntimeMode":false,"executionRestrictions":{"isTeamsOnly":false,"dataLossPreventionEvaluationResult":{"status":"Compliant","lastEvaluationDate":"2023-11-29T20:14:55.4700917Z","violations":[],"violationsByPolicy":[],"violationErrorMessage":"The app uses the following connectors: shared_sharepointonline."}}},"appType":"ClassicCanvasApp","appComponents":[]}}