{"schemaVersion":"1.0","appDefinitionTemplate":{"id":"/providers/Microsoft.PowerApps/apps/","type":"Microsoft.PowerApps/apps","tags":{"primaryDeviceWidth":"1920","primaryDeviceHeight":"1136","supportsPortrait":"true","supportsLandscape":"true","primaryFormFactor":"Phone","showStatusBar":"false","publisherVersion":"3.24091.13","minimumRequiredApiVersion":"2.2.0","hasComponent":"false","hasUnlockedComponent":"false","isUnifiedRootApp":"false","sienaVersion":"20240926T201734Z-3.24091.13.0"},"properties":{"appVersion":"2024-09-26T20:17:34Z","lifeCycleId":"Published","createdByClientVersion":{"major":3,"minor":24091,"build":13,"revision":0,"majorRevision":0,"minorRevision":0},"minClientVersion":{"major":3,"minor":24091,"build":13,"revision":0,"majorRevision":0,"minorRevision":0},"backgroundColor":"RGBA(0,176,240,1)","backgroundImageUri":"/10480300176180695984/N2dde49b2-95f7-4c66-82a2-60eae7ca0795-logoSmallFile","displayName":"STARCOM HQ BZ Contracts","description":"","commitMessage":"","appUris":{"documentUri":{"value":"/10480300176180695984/Nff4718c6-1fa2-41d2-b754-8befd1faa0be-document.msapp"},"imageUris":[],"additionalUris":[{"isSolutionAware":false,"value":"/10480300176180695984/Na92111fc-775a-4a2a-a340-7627f324714d-identity.json"}]},"createdTime":"0001-01-01T00:00:00Z","lastModifiedTime":"0001-01-01T00:00:00Z","sharedGroupsCount":0,"sharedUsersCount":0,"connectionReferences":{"213afb01-98d5-49a9-bfb5-5e3a38b09b38":{"id":"9e18e209-3e8d-4326-b3f4-3fab1f74bf27","displayName":"SharePoint","iconUri":"https://connectoricons-prod.azureedge.net/releases/v1.0.1697/1.0.1697.3788/sharepointonline/icon.png","dataSources":["Contracts","ContractsYear"],"dependencies":[],"dependents":[],"parameterHints":{},"parameterHintsV2":{},"isOnPremiseConnection":false,"dataSets":{"https://usaf.dps.mil/sites/ussf-starcom/HQ/BZ":{"dataSources":{"Contracts":{"tableName":"bb1f67f0-3b93-4222-9a72-1b4209eae217"},"ContractsYear":{"tableName":"be7b4e76-bea7-4ad0-91cf-5f6b30cf8985"}}}},"apiTier":"Standard","isCustomApiConnection":false,"actions":["providers/PowerPlatform.Governance/Operations/Read","providers/PowerPlatform.Governance/Operations/Write","providers/PowerPlatform.Governance/Operations/Delete"]}},"databaseReferences":{},"almMode":"Environment","performanceOptimizationEnabled":true,"canConsumeAppPass":true,"enableModernRuntimeMode":false,"executionRestrictions":{"isTeamsOnly":false,"dataLossPreventionEvaluationResult":{"status":"Compliant","lastEvaluationDate":"2024-09-26T20:17:39.0565914Z","violations":[],"violationsByPolicy":[],"violationErrorMessage":"The app uses the following connectors: shared_sharepointonline."}}},"appType":"ClassicCanvasApp","appComponents":[]}}