{"schemaVersion":"1.0","appDefinitionTemplate":{"id":"/providers/Microsoft.PowerApps/apps/","type":"Microsoft.PowerApps/apps","tags":{"sp-site-id":"https://usaf.dps.mil/sites/ussf-starcom/HQ/S46","sp-list-id":"fcc00662-f758-4360-bfe4-2c72cfdddca3","https://usaf.dps.mil/sites/ussf-starcom/HQ/S46":"fcc00662-f758-4360-bfe4-2c72cfdddca3","primaryDeviceWidth":"640","primaryDeviceHeight":"1136","supportsPortrait":"true","supportsLandscape":"true","primaryFormFactor":"Phone","showStatusBar":"false","publisherVersion":"3.24122.13","minimumRequiredApiVersion":"2.2.0","hasComponent":"false","hasUnlockedComponent":"false","isUnifiedRootApp":"false","sienaVersion":"20241223T190050Z-3.24122.13.0"},"properties":{"appVersion":"2024-12-23T19:00:50Z","lifeCycleId":"Published","createdByClientVersion":{"major":3,"minor":24122,"build":13,"revision":0,"majorRevision":0,"minorRevision":0},"minClientVersion":{"major":3,"minor":24122,"build":13,"revision":0,"majorRevision":0,"minorRevision":0},"backgroundColor":"RGBA(0,176,240,1)","backgroundImageUri":"/15213573638917698510/N4aade2d8-67ba-4b37-8435-0cf00ba4ad25-logoSmallFile","displayName":"STARCOM HQ Help Desk","description":"STARCOM HQ Help Desk ticket tracker","commitMessage":"","appUris":{"documentUri":{"value":"/15213573638917698510/N41b69f88-c19e-437f-b98a-0c8a0dc398b0-document.msapp"},"imageUris":[],"additionalUris":[{"isSolutionAware":false,"value":"/15213573638917698510/N1178e9f4-a0bb-4071-ab3d-4d3ba1c527d1-identity.json"}]},"createdTime":"0001-01-01T00:00:00Z","lastModifiedTime":"0001-01-01T00:00:00Z","sharedGroupsCount":0,"sharedUsersCount":0,"connectionReferences":{"89c31836-855f-41e6-b39f-4c0c9559232f":{"id":"9e18e209-3e8d-4326-b3f4-3fab1f74bf27","displayName":"SharePoint","iconUri":"https://connectoricons-prod.azureedge.net/releases/v1.0.1723/1.0.1723.3986/sharepointonline/icon.png","dataSources":["S6 Help Desk Tracker"],"dependencies":[],"dependents":[],"parameterHints":{},"parameterHintsV2":{},"isOnPremiseConnection":false,"bypassConsent":false,"dataSets":{"https://usaf.dps.mil/sites/ussf-starcom/HQ/S46":{"dataSources":{"S6 Help Desk Tracker":{"tableName":"fcc00662-f758-4360-bfe4-2c72cfdddca3"}}}},"apiTier":"Standard","isCustomApiConnection":false,"actions":["providers/PowerPlatform.Governance/Operations/Read","providers/PowerPlatform.Governance/Operations/Write","providers/PowerPlatform.Governance/Operations/Delete"]}},"databaseReferences":{},"almMode":"Environment","performanceOptimizationEnabled":true,"canConsumeAppPass":true,"enableModernRuntimeMode":false,"executionRestrictions":{"isTeamsOnly":false,"dataLossPreventionEvaluationResult":{"status":"Compliant","lastEvaluationDate":"2024-08-21T16:39:04.1792762Z","violations":[],"violationsByPolicy":[],"violationErrorMessage":"The app uses the following connectors: shared_sharepointonline."}}},"appType":"ClassicCanvasApp","appComponents":[]}}