{"schemaVersion":"1.0","appDefinitionTemplate":{"id":"/providers/Microsoft.PowerApps/apps/","type":"Microsoft.PowerApps/apps","tags":{"primaryDeviceWidth":"1280","primaryDeviceHeight":"1136","supportsPortrait":"true","supportsLandscape":"true","primaryFormFactor":"Phone","showStatusBar":"false","publisherVersion":"3.24083.14","minimumRequiredApiVersion":"2.2.0","hasComponent":"false","hasUnlockedComponent":"false","isUnifiedRootApp":"false","sienaVersion":"20240905T150956Z-3.24083.14.0"},"properties":{"appVersion":"2024-09-05T15:09:56Z","lifeCycleId":"Published","createdByClientVersion":{"major":3,"minor":24083,"build":14,"revision":0,"majorRevision":0,"minorRevision":0},"minClientVersion":{"major":3,"minor":24083,"build":14,"revision":0,"majorRevision":0,"minorRevision":0},"backgroundColor":"RGBA(0,176,240,1)","backgroundImageUri":"/14806125603003298126/N6a8776e6-a6a8-4155-9c05-bd73cfa0feba-logoSmallFile","displayName":"STARCOM HQ Assessments","description":"","commitMessage":"","appUris":{"documentUri":{"value":"/14806125603003298126/N9fa45df6-08f0-43b1-83a1-b6953bf01468-document.msapp"},"imageUris":[],"additionalUris":[{"isSolutionAware":false,"value":"/14806125603003298126/N64d18cbb-db29-4de5-88fc-d28c0f0063ec-identity.json"}]},"createdTime":"0001-01-01T00:00:00Z","lastModifiedTime":"0001-01-01T00:00:00Z","sharedGroupsCount":0,"sharedUsersCount":0,"connectionReferences":{"3cd9a773-9949-4e92-af32-9e457f273cdd":{"id":"9e18e209-3e8d-4326-b3f4-3fab1f74bf27","displayName":"SharePoint","iconUri":"https://connectoricons-prod.azureedge.net/releases/v1.0.1697/1.0.1697.3786/sharepointonline/icon.png","dataSources":["Assessment Plans"],"dependencies":[],"dependents":[],"parameterHints":{},"parameterHintsV2":{},"isOnPremiseConnection":false,"bypassConsent":false,"dataSets":{"https://usaf.dps.mil/sites/ussf-starcom/HQ/pipeline":{"dataSources":{"Assessment Plans":{"tableName":"d324adb1-ac12-48a1-a5fa-5fc9c6ab4bf6"}}}},"apiTier":"Standard","isCustomApiConnection":false,"actions":["providers/PowerPlatform.Governance/Operations/Read","providers/PowerPlatform.Governance/Operations/Write","providers/PowerPlatform.Governance/Operations/Delete"]}},"databaseReferences":{},"almMode":"Environment","performanceOptimizationEnabled":true,"canConsumeAppPass":true,"enableModernRuntimeMode":false,"executionRestrictions":{"isTeamsOnly":false,"dataLossPreventionEvaluationResult":{"status":"Compliant","lastEvaluationDate":"2024-09-05T15:00:06.9528932Z","violations":[],"violationsByPolicy":[],"violationErrorMessage":"The app uses the following connectors: shared_sharepointonline."}}},"appType":"ClassicCanvasApp","appComponents":[]}}