{"schemaVersion":"1.0","appDefinitionTemplate":{"id":"/providers/Microsoft.PowerApps/apps/","type":"Microsoft.PowerApps/apps","tags":{"primaryDeviceWidth":"1911","primaryDeviceHeight":"887","supportsPortrait":"true","supportsLandscape":"true","primaryFormFactor":"Tablet","showStatusBar":"false","publisherVersion":"3.24083.14","minimumRequiredApiVersion":"2.2.0","hasComponent":"false","hasUnlockedComponent":"false","isUnifiedRootApp":"false","sienaVersion":"20240910T233308Z-3.24083.14.0","offlineLargeFilesSupport":"false"},"properties":{"appVersion":"2024-09-10T23:33:08Z","lifeCycleId":"Published","createdByClientVersion":{"major":3,"minor":24083,"build":14,"revision":0,"majorRevision":0,"minorRevision":0},"minClientVersion":{"major":3,"minor":24083,"build":14,"revision":0,"majorRevision":0,"minorRevision":0},"backgroundColor":"rgba(102, 174, 229, 1)","backgroundImageUri":"/11430010686131668987/N2ae1b44b-9054-476e-8e98-d5c446309d00-logoSmallFile","displayName":"STARCOM Scheduling Request","description":"An application for scheduling time with the GO's","commitMessage":"","appUris":{"documentUri":{"value":"/11430010686131668987/N1e4e76bb-a481-4c82-9281-0cf482567751-document.msapp"},"imageUris":[],"additionalUris":[{"isSolutionAware":false,"value":"/11430010686131668987/N0a5e6e65-7ce5-4df3-b36e-3f8c06ebfde1-identity.json"}]},"createdTime":"0001-01-01T00:00:00Z","lastModifiedTime":"0001-01-01T00:00:00Z","sharedGroupsCount":0,"sharedUsersCount":0,"connectionReferences":{"429bbcf2-d039-47b9-8d3e-3d23832424a2":{"id":"9e18e209-3e8d-4326-b3f4-3fab1f74bf27","displayName":"SharePoint","iconUri":"https://connectoricons-prod.azureedge.net/releases/v1.0.1697/1.0.1697.3786/sharepointonline/icon.png","dataSources":["STARCOM Scheduling Request"],"dependencies":[],"dependents":[],"parameterHints":{},"parameterHintsV2":{},"isOnPremiseConnection":false,"bypassConsent":false,"dataSets":{"https://usaf.dps.mil/sites/ussf-starcom/HQ/CCP":{"dataSources":{"STARCOM Scheduling Request":{"tableName":"0029d5aa-869a-4e83-8cb1-af1ca068b8f1"}}}},"apiTier":"Standard","isCustomApiConnection":false,"actions":["providers/PowerPlatform.Governance/Operations/Read","providers/PowerPlatform.Governance/Operations/Write"]}},"databaseReferences":{},"almMode":"Environment","performanceOptimizationEnabled":true,"canConsumeAppPass":true,"enableModernRuntimeMode":false,"executionRestrictions":{"isTeamsOnly":false,"dataLossPreventionEvaluationResult":{"status":"Compliant","lastEvaluationDate":"2023-12-08T17:36:32.5378566Z","violations":[],"violationsByPolicy":[],"violationErrorMessage":"The app uses the following connectors: shared_sharepointonline."}}},"appType":"ClassicCanvasApp","appComponents":[]}}